<?xml version="1.0" encoding="UTF-8" ?> 
<PISConfigurationInfo>
  <version>1.0.0.0
  </version>
  <Folder Name="Scripts">
    <File CRC="0x5AD22B26" Name="base.lua" />
    <File CRC="0xE44550B1" Name="100t.lua" />
    <File CRC="0x4F89AA2E" Name="400t.lua" />
    <File CRC="0x4AAC7A67" Name="audio.lua" />
    <File CRC="0x9EDB7D05" Name="base_announcements.xml" />
    <File CRC="0x2C3639ED" Name="base_events.lua" />
    <File CRC="0xE5023BF9" Name="drm.lua" />
    <File CRC="0xADA780F1" Name="events.lua" />
    <File CRC="0x66913CDD" Name="predef.lua" />
    <File CRC="0xD936F9D4" Name="project_config.lua" />
    <File CRC="0x6C3F15F5" Name="project_specific.lua" />
    <File CRC="0x5BA5941F" Name="resource_accessor.lua" />
    <File CRC="0xDC19D7CB" Name="xml.lua" />
  </Folder>
  <Folder Name="Sound">
    <File CRC="0xB6C2D612" Name="sono.db" />
  </Folder>
  <File CRC="0x8705C0CA" Name="PISPackCfg.xml" />
</PISConfigurationInfo>
