﻿<?xml version="1.0" encoding="UTF-8"?>
<CONTENU>

<!-- Bien respecter le code des langues, elles doivent etre identiaue au nom des dossiers
FRA, ENG, GER, SPA, ITA

VERSION DU 08 Février 2012

Contenu:
	- FRA Francais MANQUANT
	- ENG Anglais MANQUANT
	- GER L'allemand MANQUANT
	- ITA Italien MANQUANT
	
Contenu Texte:
Pour les longue phrase d'information, il est possible d'insérer un retour à la ligne en tappant le code "\n"
Exemple: value="Bonjour,\nMerci de bien vouloir....."

Pour la gestion du pluriel, vous pouvez écrire la phrase avec les lettres du pluriel entre parenthèse,
celle ci seront supprimmée ou ajoutée en fonction du contenu
Exemple:
value = "Prochain(s) Arrêt(s)"
deviendra "Prochain Arrêt" ou "Prochains Arrêts", en fonction du nombre d'arrêts à venir

Idem pour l'allement avec les (n) ou les (r)


ATTENTION
les textes débutant par un "*" sont des traductions Google Non vérifiées !

-->
<ELEMENT name="EcranInit" value="Bonjour, \ncet écran est en cours d'initialisation." language="FRA" />
<ELEMENT name="EcranInit" value="(eng) Bonjour, \ncet écran est en cours d'initialisation." language="ENG" />
<ELEMENT name="EcranInit" value="(ger) Bonjour, \ncet écran est en cours d'initialisation." language="GER" />
<ELEMENT name="EcranInit" value="(ita) Bonjour, \ncet écran est en cours d'initialisation." language="ITA" />
<ELEMENT name="EcranInit" value="(spa) Bonjour, \ncet écran est en cours d'initialisation." language="SPA" />

<ELEMENT name="Patientez" value="Merci de patienter quelques instants." language="FRA" />
<ELEMENT name="Patientez" value="(eng) Merci de patienter quelques instants." language="ENG" />

<ELEMENT name="PasDeVoyageur" value="Ce train ne prend pas de voyageurs." language="FRA" />
<ELEMENT name="PasDeVoyageur" value="This train does not take Client." language="ENG" />

<ELEMENT name="Comprehension" value="Merci de votre compréhension." language="FRA" />

<ELEMENT name="BienvenueRegion" value="Bienvenue dans le TER [1]." language="FRA" />
<ELEMENT name="BienvenueRegion" value="(eng)Bienvenue dans le TER [1]." language="ENG" />
<ELEMENT name="BienvenueRegion" value="(ger)Bienvenue dans le TER [1]." language="GER" />
<ELEMENT name="BienvenueRegion" value="(ita)Bienvenue dans le TER [1]." language="ITA" />
<ELEMENT name="BienvenueRegion" value="(spa)Bienvenue dans le TER [1]." language="SPA" />

<ELEMENT name="Origine" value="Origine" language="FRA" />
<ELEMENT name="Origine" value="(eng)Origine" language="ENG" />

<ELEMENT name="Destination" value="Destination" language="FRA" />
<ELEMENT name="Destination" value="(eng)Destination" language="ENG" />

<ELEMENT name="Destinations" value="Destinations" language="FRA" />
<ELEMENT name="Destinations" value="(eng)Destinations" language="ENG" />

<ELEMENT name="Directions" value="Directions" language="FRA" />
<ELEMENT name="Directions" value="(eng)Directions" language="ENG" />

<ELEMENT name="Directions" value="Directions" language="FRA" />
<ELEMENT name="Directions" value="(eng)Directions" language="ENG" />

<ELEMENT name="InfoIndisponible" value="Informations en cours d'actualisation." language="FRA" />
<ELEMENT name="InfoIndisponible" value="(eng)Informations en cours d'actualisation." language="ENG" />

<ELEMENT name="Terminus" value="Terminus" language="FRA" />
<ELEMENT name="Terminus" value="(eng)Terminus" language="ENG" />

<ELEMENT name="Depart" value="Départ" language="FRA" />
<ELEMENT name="Depart" value="(eng)Départ" language="ENG" />

<ELEMENT name="Arrivee" value="Arrivée" language="FRA" />
<ELEMENT name="Arrivee" value="(eng)Arrivée" language="ENG" />

<ELEMENT name="Desservies" value="Gares desservies" language="FRA" />
<ELEMENT name="Desservies" value="(eng)Gares desservies" language="ENG" />

<ELEMENT name="Arret" value="Arrêt en cours" language="FRA" />
<ELEMENT name="Arret" value="(eng)Arrêt en cours" language="ENG" />

<ELEMENT name="Trains" value="Trains" language="FRA" />
<ELEMENT name="Trains" value="(eng)Trains" language="ENG" />

<ELEMENT name="Train" value="Train" language="FRA" />
<ELEMENT name="Train" value="(eng)Train" language="ENG" />

<ELEMENT name="CorrespondancesTrains" value="CORRESPONDANCES TRAINS" language="FRA" />
<ELEMENT name="CorrespondancesTrains" value="(eng)CORRESPONDANCES TRAINS" language="ENG" />

<ELEMENT name="CorrespondancesInter" value="CORRESPONDANCES MÉTRO, TRAM, BUS" language="FRA" />
<ELEMENT name="CorrespondancesInter" value="(eng)CORRESPONDANCES MÉTRO, TRAM, BUS" language="ENG" />

<ELEMENT name="Reseau" value="Réseau urbain" language="FRA" />
<ELEMENT name="Reseau" value="(eng)Réseau urbain" language="ENG" />

<ELEMENT name="Reseaux" value="Réseaux urbains" language="FRA" />
<ELEMENT name="Reseaux" value="(eng)Réseaux urbains" language="ENG" />

<ELEMENT name="Quais" value="Quais" language="FRA" />
<ELEMENT name="Quais" value="(eng)Quais" language="ENG" />

<ELEMENT name="Lignes" value="Lignes" language="FRA" />
<ELEMENT name="Lignes" value="Line" language="ENG" />

<ELEMENT name="Prochain" value="Prochain arrêt" language="FRA" />
<ELEMENT name="Prochain" value="Next Stop" language="ENG" />

<ELEMENT name="ProchainsDeparts" value="Prochains départs" language="FRA" />
<ELEMENT name="ProchainsDeparts" value="(eng)Prochains départs" language="ENG" />

<ELEMENT name="RetardDE" value="Retard: [1] min" language="FRA" />
<ELEMENT name="RetardDE" value="Delay: [1] min" language="ENG" />

<ELEMENT name="Alheure" value="A l'heure" language="FRA" />
<ELEMENT name="Alheure" value="On Time" language="ENG" />

<ELEMENT name="AttenteVoyageur" value="Attente voyageurs, suite retard d'un autre mode de transport." language="FRA" />
<ELEMENT name="AttenteVoyageur" value="(eng)Attente voyageurs, suite retard d'un autre mode de transport." language="ENG" />

<ELEMENT name="RetardEstime" value="Retard estimé : [1] min" language="FRA" />
<ELEMENT name="RetardEstime" value="Estimated Delay : [1] min" language="ENG" />

<ELEMENT name="HorsQuai" value="Cette voiture risque d'être hors quai à la prochaine gare." language="FRA" />
<ELEMENT name="HorsQuai" value="(eng)Cette voiture risque d'être hors quai à la prochaine gare." language="ENG" />

<ELEMENT name="Avancer" value="Veuillez avancer vers la prochaine voiture." language="FRA" />
<ELEMENT name="Avancer" value="(eng)Veuillez avancer vers la prochaine voiture." language="ENG" />

<ELEMENT name="DOCTEUR" value="Votre attention s’il vous plait: L’état de santé d’un voyageur occupant la voiture située en tête du train nécessite l’intervention d’un médecin. Nous remercions d’avance le médecin qui pourrait se rendre auprès de ce voyageur." language="FRA" />
<ELEMENT name="DOCTEUR" value="(eng)Votre attention s’il vous plait: L’état de santé d’un voyageur occupant la voiture située en tête du train nécessite l’intervention d’un médecin. Nous remercions d’avance le médecin qui pourrait se rendre auprès de ce voyageur." language="ENG" />
<ELEMENT name="DOCTEUR" value="(ger)Votre attention s’il vous plait: L’état de santé d’un voyageur occupant la voiture située en tête du train nécessite l’intervention d’un médecin. Nous remercions d’avance le médecin qui pourrait se rendre auprès de ce voyageur." language="GER" />
<ELEMENT name="DOCTEUR" value="(ita)Votre attention s’il vous plait: L’état de santé d’un voyageur occupant la voiture située en tête du train nécessite l’intervention d’un médecin. Nous remercions d’avance le médecin qui pourrait se rendre auprès de ce voyageur." language="ITA" />
<ELEMENT name="DOCTEUR" value="(spa)Votre attention s’il vous plait: L’état de santé d’un voyageur occupant la voiture située en tête du train nécessite l’intervention d’un médecin. Nous remercions d’avance le médecin qui pourrait se rendre auprès de ce voyageur." language="SPA" />

<ELEMENT name="MESSAGEA11" value="ARRET INOPINE, PRIERE DE NE PAS OUVRIR LES PORTES. MERCI DE VOTRE COMPREHENSION" language="FRA" />
<ELEMENT name="MESSAGEA11" value="(eng)ARRET INOPINE, PRIERE DE NE PAS OUVRIR LES PORTES. MERCI DE VOTRE COMPREHENSION" language="ENG" />
<ELEMENT name="MESSAGEA11" value="(ger)ARRET INOPINE, PRIERE DE NE PAS OUVRIR LES PORTES. MERCI DE VOTRE COMPREHENSION" language="GER" />
<ELEMENT name="MESSAGEA11" value="(ita)ARRET INOPINE, PRIERE DE NE PAS OUVRIR LES PORTES. MERCI DE VOTRE COMPREHENSION" language="ITA" />
<ELEMENT name="MESSAGEA11" value="(spa)ARRET INOPINE, PRIERE DE NE PAS OUVRIR LES PORTES. MERCI DE VOTRE COMPREHENSION" language="SPA" />

<ELEMENT name="MESSAGEA30" value="Votre-attention s’il vous plait: Par suite de la saturation temporaire des voies, notre train est momentanément retenu en gare. Pour votre sécurité, nous vous-invitons à rester à bord. Nous vous tiendrons informés de l’évolution de la situation. Merci de votre compréhension." language="FRA" />
<ELEMENT name="MESSAGEA30" value="(eng)Votre-attention s’il vous plait: Par suite de la saturation temporaire des voies, notre train est momentanément retenu en gare. Pour votre sécurité, nous vous-invitons à rester à bord. Nous vous tiendrons informés de l’évolution de la situation. Merci de votre compréhension." language="ENG" />
<ELEMENT name="MESSAGEA30" value="(ger)Votre-attention s’il vous plait: Par suite de la saturation temporaire des voies, notre train est momentanément retenu en gare. Pour votre sécurité, nous vous-invitons à rester à bord. Nous vous tiendrons informés de l’évolution de la situation. Merci de votre compréhension." language="GER" />
<ELEMENT name="MESSAGEA30" value="(ita)Votre-attention s’il vous plait: Par suite de la saturation temporaire des voies, notre train est momentanément retenu en gare. Pour votre sécurité, nous vous-invitons à rester à bord. Nous vous tiendrons informés de l’évolution de la situation. Merci de votre compréhension." language="ITA" />
<ELEMENT name="MESSAGEA30" value="(spa)Votre-attention s’il vous plait: Par suite de la saturation temporaire des voies, notre train est momentanément retenu en gare. Pour votre sécurité, nous vous-invitons à rester à bord. Nous vous tiendrons informés de l’évolution de la situation. Merci de votre compréhension." language="SPA" />

<ELEMENT name="MESSAGEPARAM" value="Message avec param. Voiture = [1], Retard = [2], Station = [3]" language="FRA" />
<ELEMENT name="MESSAGEPARAM" value="(eng)Message avec param. Voiture = [1], Retard = [2], Station = [3]" language="ENG" />

<ELEMENT name="RETARDGENERAL" value="Suite à un probleme technique. Notre train va avoir un retard de courte durée. Nous nous excusons pour de désagrément." language="FRA" />
<ELEMENT name="RETARDGENERAL" value="(eng)Suite à un probleme technique. Notre train va avoir un retard de courte durée. Nous nous excusons pour de désagrément." language="ENG" />

</CONTENU>