<?xml version="1.0" encoding="iso-8859-1"?>
<announcements>
  <evt name="CLR">
    <group name="INTERIOR" type="LED">
      <mission name="*">
        <station name="*">
          <msg template="StopTemplate" duration="1">stopLED</msg>
        </station>
      </mission>
    </group>
    <group name="LATERAL" type="LED">
      <mission name="*">
        <station name="*">
          <msg template="StopTemplate" duration="1">stopLED</msg>
        </station>
      </mission>
    </group>
    <group name="FRONTAL" type="LED">
      <mission name="*">
        <station name="*">
          <msg template="StopTemplate" duration="1">stopLED</msg>
        </station>
      </mission>
    </group>
    <group name="DRM" type="PLD">
      <mission name="*">
        <station name="*">
          <msg duration="1">stopPLD</msg>
        </station>
      </mission>
    </group>
    <group name="LCD" type="LCD">
      <mission name="*">
        <station name="*">
          <msg duration="1">stopLCD</msg>
        </station>
      </mission>
    </group>
    <group name="AUDIO" type="AUD">
      <mission name="*">
        <station name="*">
          <msg duration="1">stopAUD</msg>
        </station>
      </mission>
    </group>
  </evt>
  <evt name="SPE_CLR">
    <group name="INTERIOR" type="LED">
      <mission name="*">
        <station name="*">
          <msg template="StopTemplate" duration="1">stopLED</msg>
        </station>
      </mission>
    </group>
    <group name="LATERAL" type="LED">
      <mission name="*">
        <station name="*">
          <msg template="StopTemplate" duration="1">stopLED</msg>
        </station>
      </mission>
    </group>
    <group name="FRONTAL" type="LED">
      <mission name="*">
        <station name="*">
          <msg template="StopTemplate" duration="1">stopLED</msg>
        </station>
      </mission>
    </group>
    <group name="DRM" type="PLD">
      <mission name="*">
        <station name="*">
          <msg duration="1">stopPLD</msg>
        </station>
      </mission>
    </group>
    <group name="LCD" type="LCD">
      <mission name="*">
        <station name="*">
          <msg duration="1">stopLCD</msg>
        </station>
      </mission>
    </group>
    <group name="AUDIO" type="AUD">
      <mission name="*">
        <station name="*">
          <msg duration="1">stopAUD</msg>
        </station>
      </mission>
    </group>
  </evt>
  <template name="0">
    <lang name="fr-FR">
      <val>Centered</val>
    </lang>
    <lang name="en-US">
      <val>Centered</val>
    </lang>
  </template>
  <template name="1">
    <lang name="fr-FR">
      <val>3ZonesCentered</val>
    </lang>
    <lang name="en-US">
      <val>3ZonesCentered</val>
    </lang>
  </template>
  <template name="2">
    <lang name="fr-FR">
      <val>L2R</val>
    </lang>
    <lang name="en-US">
      <val>L2R</val>
    </lang>
  </template>
  <template name="StopTemplate">
    <lang name="fr-FR">
      <val>StopTemplate</val>
    </lang>
    <lang name="en-US">
      <val>StopTemplate</val>
    </lang>
  </template>
  <resource name="stopLED">
    <lang name="fr-FR">
      <val />
    </lang>
    <lang name="en-US">
      <val />
    </lang>
  </resource>
  <resource name="stopPLD">
    <lang name="fr-FR">
      <val>TODO</val>
    </lang>
    <lang name="en-US">
      <val>TODO</val>
    </lang>
  </resource>
  <resource name="stopLCD">
    <lang name="fr-FR">
      <val>blank.html</val>
    </lang>
    <lang name="en-US">
      <val>blank.html</val>
    </lang>
  </resource>
  <resource name="stopAUD">
    <lang name="fr-FR">
      <val>=SILENCE=</val>
    </lang>
    <lang name="en-US">
      <val>=SILENCE=</val>
    </lang>
  </resource>
</announcements>